Zip Code,City,County,Zip Code Map
501,Holtsville,Suffolk,View Map
544,Holtsville,Suffolk,View Map
6390,Fishers Island,Suffolk,View Map
10001,New York,New York,View Map
10002,New York,New York,View Map
10003,New York,New York,View Map
10004,New York,New York,View Map
10005,New York,New York,View Map
10006,New York,New York,View Map
10007,New York,New York,View Map
10008,New York,New York,View Map
10009,New York,New York,View Map
10010,New York,New York,View Map
10011,New York,New York,View Map
10012,New York,New York,View Map
10013,New York,New York,View Map
10014,New York,New York,View Map
10015,New York,New York,View Map
10016,New York,New York,View Map
10017,New York,New York,View Map
10018,New York,New York,View Map
10019,New York,New York,View Map
10020,New York,New York,View Map
10021,New York,New York,View Map
10022,New York,New York,View Map
10023,New York,New York,View Map
10024,New York,New York,View Map
10025,New York,New York,View Map
10026,New York,New York,View Map
10027,New York,New York,View Map
10028,New York,New York,View Map
10029,New York,New York,View Map
10030,New York,New York,View Map
10031,New York,New York,View Map
10032,New York,New York,View Map
10033,New York,New York,View Map
10034,New York,New York,View Map
10035,New York,New York,View Map
10036,New York,New York,View Map
10037,New York,New York,View Map
10038,New York,New York,View Map
10039,New York,New York,View Map
10040,New York,New York,View Map
10041,New York,New York,View Map
10043,New York,New York,View Map
10044,New York,New York,View Map
10045,New York,New York,View Map
10046,New York,New York,View Map
10047,New York,New York,View Map
10048,New York,New York,View Map
10055,New York,New York,View Map
10060,New York,New York,View Map
10069,New York,New York,View Map
10072,New York,New York,View Map
10079,New York,New York,View Map
10080,New York,New York,View Map
10081,New York,New York,View Map
10082,New York,New York,View Map
10087,New York,New York,View Map
10090,New York,New York,View Map
10094,New York,New York,View Map
10095,New York,New York,View Map
10096,New York,New York,View Map
10098,New York,New York,View Map
10099,New York,New York,View Map
10101,New York,New York,View Map
10102,New York,New York,View Map
10103,New York,New York,View Map
10104,New York,New York,View Map
10105,New York,New York,View Map
10106,New York,New York,View Map
10107,New York,New York,View Map
10108,New York,New York,View Map
10109,New York,New York,View Map
10110,New York,New York,View Map
10111,New York,New York,View Map
10112,New York,New York,View Map
10113,New York,New York,View Map
10114,New York,New York,View Map
10115,New York,New York,View Map
10116,New York,New York,View Map
10117,New York,New York,View Map
10118,New York,New York,View Map
10119,New York,New York,View Map
10120,New York,New York,View Map
10121,New York,New York,View Map
10122,New York,New York,View Map
10123,New York,New York,View Map
10124,New York,New York,View Map
10125,New York,New York,View Map
10126,New York,New York,View Map
10128,New York,New York,View Map
10129,New York,New York,View Map
10130,New York,New York,View Map
10131,New York,New York,View Map
10132,New York,New York,View Map
10133,New York,New York,View Map
10138,New York,New York,View Map
10149,New York,New York,View Map
10150,New York,New York,View Map
10151,New York,New York,View Map
10152,New York,New York,View Map
10153,New York,New York,View Map
10154,New York,New York,View Map
10155,New York,New York,View Map
10156,New York,New York,View Map
10157,New York,New York,View Map
10158,New York,New York,View Map
10159,New York,New York,View Map
10160,New York,New York,View Map
10161,New York,New York,View Map
10162,New York,New York,View Map
10163,New York,New York,View Map
10164,New York,New York,View Map
10165,New York,New York,View Map
10166,New York,New York,View Map
10167,New York,New York,View Map
10168,New York,New York,View Map
10169,New York,New York,View Map
10170,New York,New York,View Map
10171,New York,New York,View Map
10172,New York,New York,View Map
10173,New York,New York,View Map
10174,New York,New York,View Map
10175,New York,New York,View Map
10176,New York,New York,View Map
10177,New York,New York,View Map
10178,New York,New York,View Map
10179,New York,New York,View Map
10184,New York,New York,View Map
10185,New York,New York,View Map
10196,New York,New York,View Map
10197,New York,New York,View Map
10199,New York,New York,View Map
10203,New York,New York,View Map
10211,New York,New York,View Map
10212,New York,New York,View Map
10213,New York,New York,View Map
10242,New York,New York,View Map
10249,New York,New York,View Map
10256,New York,New York,View Map
10257,New York,New York,View Map
10258,New York,New York,View Map
10259,New York,New York,View Map
10260,New York,New York,View Map
10261,New York,New York,View Map
10265,New York,New York,View Map
10268,New York,New York,View Map
10269,New York,New York,View Map
10270,New York,New York,View Map
10271,New York,New York,View Map
10272,New York,New York,View Map
10273,New York,New York,View Map
10274,New York,New York,View Map
10275,New York,New York,View Map
10276,New York,New York,View Map
10277,New York,New York,View Map
10278,New York,New York,View Map
10279,New York,New York,View Map
10280,New York,New York,View Map
10281,New York,New York,View Map
10282,New York,New York,View Map
10285,New York,New York,View Map
10286,New York,New York,View Map
10292,New York,New York,View Map
10301,Staten Island,Richmond,View Map
10302,Staten Island,Richmond,View Map
10303,Staten Island,Richmond,View Map
10304,Staten Island,Richmond,View Map
10305,Staten Island,Richmond,View Map
10306,Staten Island,Richmond,View Map
10307,Staten Island,Richmond,View Map
10308,Staten Island,Richmond,View Map
10309,Staten Island,Richmond,View Map
10310,Staten Island,Richmond,View Map
10311,Staten Island,Richmond,View Map
10312,Staten Island,Richmond,View Map
10313,Staten Island,Richmond,View Map
10314,Staten Island,Richmond,View Map
10451,Bronx,Bronx,View Map
10452,Bronx,Bronx,View Map
10453,Bronx,Bronx,View Map
10454,Bronx,Bronx,View Map
10455,Bronx,Bronx,View Map
10456,Bronx,Bronx,View Map
10457,Bronx,Bronx,View Map
10458,Bronx,Bronx,View Map
10459,Bronx,Bronx,View Map
10460,Bronx,Bronx,View Map
10461,Bronx,Bronx,View Map
10462,Bronx,Bronx,View Map
10463,Bronx,Bronx,View Map
10464,Bronx,Bronx,View Map
10465,Bronx,Bronx,View Map
10466,Bronx,Bronx,View Map
10467,Bronx,Bronx,View Map
10468,Bronx,Bronx,View Map
10469,Bronx,Bronx,View Map
10470,Bronx,Bronx,View Map
10471,Bronx,Bronx,View Map
10472,Bronx,Bronx,View Map
10473,Bronx,Bronx,View Map
10474,Bronx,Bronx,View Map
10475,Bronx,Bronx,View Map
10499,Bronx,Bronx,View Map
10501,Amawalk,Westchester,View Map
10502,Ardsley,Westchester,View Map
10503,Ardsley On Hudson,Westchester,View Map
10504,Armonk,Westchester,View Map
10505,Baldwin Place,Westchester,View Map
10506,Bedford,Westchester,View Map
10507,Bedford Hills,Westchester,View Map
10509,Brewster,Putnam,View Map
10510,Briarcliff Manor,Westchester,View Map
10511,Buchanan,Westchester,View Map
10512,Carmel,Putnam,View Map
10514,Chappaqua,Westchester,View Map
10516,Cold Spring,Putnam,View Map
10517,Crompond,Westchester,View Map
10518,Cross River,Westchester,View Map
10519,Croton Falls,Westchester,View Map
10520,Croton On Hudson,Westchester,View Map
10521,Croton On Hudson,Westchester,View Map
10522,Dobbs Ferry,Westchester,View Map
10523,Elmsford,Westchester,View Map
10524,Garrison,Putnam,View Map
10526,Goldens Bridge,Westchester,View Map
10527,Granite Springs,Westchester,View Map
10528,Harrison,Westchester,View Map
10530,Hartsdale,Westchester,View Map
10532,Hawthorne,Westchester,View Map
10533,Irvington,Westchester,View Map
10535,Jefferson Valley,Westchester,View Map
10536,Katonah,Westchester,View Map
10537,Lake Peekskill,Putnam,View Map
10538,Larchmont,Westchester,View Map
10540,Lincolndale,Westchester,View Map
10541,Mahopac,Putnam,View Map
10542,Mahopac Falls,Putnam,View Map
10543,Mamaroneck,Westchester,View Map
10545,Maryknoll,Westchester,View Map
10546,Millwood,Westchester,View Map
10547,Mohegan Lake,Westchester,View Map
10548,Montrose,Westchester,View Map
10549,Mount Kisco,Westchester,View Map
10550,Mount Vernon,Westchester,View Map
10551,Mount Vernon,Westchester,View Map
10552,Mount Vernon,Westchester,View Map
10553,Mount Vernon,Westchester,View Map
10557,Mount Vernon,Westchester,View Map
10558,Mount Vernon,Westchester,View Map
10560,North Salem,Westchester,View Map
10562,Ossining,Westchester,View Map
10566,Peekskill,Westchester,View Map
10567,Cortlandt Manor,Westchester,View Map
10570,Pleasantville,Westchester,View Map
10571,Pleasantville,Westchester,View Map
10572,Pleasantville,Westchester,View Map
10573,Port Chester,Westchester,View Map
10576,Pound Ridge,Westchester,View Map
10577,Purchase,Westchester,View Map
10578,Purdys,Westchester,View Map
10579,Putnam Valley,Putnam,View Map
10580,Rye,Westchester,View Map
10583,Scarsdale,Westchester,View Map
10587,Shenorock,Westchester,View Map
10588,Shrub Oak,Westchester,View Map
10589,Somers,Westchester,View Map
10590,South Salem,Westchester,View Map
10591,Tarrytown,Westchester,View Map
10594,Thornwood,Westchester,View Map
10595,Valhalla,Westchester,View Map
10596,Verplanck,Westchester,View Map
10597,Waccabuc,Westchester,View Map
10598,Yorktown Heights,Westchester,View Map
10601,White Plains,Westchester,View Map
10602,White Plains,Westchester,View Map
10603,White Plains,Westchester,View Map
10604,West Harrison,Westchester,View Map
10605,White Plains,Westchester,View Map
10606,White Plains,Westchester,View Map
10607,White Plains,Westchester,View Map
10610,White Plains,Westchester,View Map
10701,Yonkers,Westchester,View Map
10702,Yonkers,Westchester,View Map
10703,Yonkers,Westchester,View Map
10704,Yonkers,Westchester,View Map
10705,Yonkers,Westchester,View Map
10706,Hastings On Hudson,Westchester,View Map
10707,Tuckahoe,Westchester,View Map
10708,Bronxville,Westchester,View Map
10709,Eastchester,Westchester,View Map
10710,Yonkers,Westchester,View Map
10801,New Rochelle,Westchester,View Map
10802,New Rochelle,Westchester,View Map
10803,Pelham,Westchester,View Map
10804,New Rochelle,Westchester,View Map
10805,New Rochelle,Westchester,View Map
10901,Suffern,Rockland,View Map
10910,Arden,Orange,View Map
10911,Bear Mountain,Rockland,View Map
10912,Bellvale,Orange,View Map
10913,Blauvelt,Rockland,View Map
10914,Blooming Grove,Orange,View Map
10915,Bullville,Orange,View Map
10916,Campbell Hall,Orange,View Map
10917,Central Valley,Orange,View Map
10918,Chester,Orange,View Map
10919,Circleville,Orange,View Map
10920,Congers,Rockland,View Map
10921,Florida,Orange,View Map
10922,Fort Montgomery,Orange,View Map
10923,Garnerville,Rockland,View Map
10924,Goshen,Orange,View Map
10925,Greenwood Lake,Orange,View Map
10926,Harriman,Orange,View Map
10927,Haverstraw,Rockland,View Map
10928,Highland Falls,Orange,View Map
10930,Highland Mills,Orange,View Map
10931,Hillburn,Rockland,View Map
10932,Howells,Orange,View Map
10933,Johnson,Orange,View Map
10940,Middletown,Orange,View Map
10941,Middletown,Orange,View Map
10943,Middletown,Orange,View Map
10949,Monroe,Orange,View Map
10950,Monroe,Orange,View Map
10952,Monsey,Rockland,View Map
10953,Mountainville,Orange,View Map
10954,Nanuet,Rockland,View Map
10956,New City,Rockland,View Map
10958,New Hampton,Orange,View Map
10959,New Milford,Orange,View Map
10960,Nyack,Rockland,View Map
10962,Orangeburg,Rockland,View Map
10963,Otisville,Orange,View Map
10964,Palisades,Rockland,View Map
10965,Pearl River,Rockland,View Map
10968,Piermont,Rockland,View Map
10969,Pine Island,Orange,View Map
10970,Pomona,Rockland,View Map
10973,Slate Hill,Orange,View Map
10974,Sloatsburg,Rockland,View Map
10975,Southfields,Orange,View Map
10976,Sparkill,Rockland,View Map
10977,Spring Valley,Rockland,View Map
10979,Sterling Forest,Orange,View Map
10980,Stony Point,Rockland,View Map
10981,Sugar Loaf,Orange,View Map
10982,Tallman,Rockland,View Map
10983,Tappan,Rockland,View Map
10984,Thiells,Rockland,View Map
10985,Thompson Ridge,Orange,View Map
10986,Tomkins Cove,Rockland,View Map
10987,Tuxedo Park,Orange,View Map
10988,Unionville,Orange,View Map
10989,Valley Cottage,Rockland,View Map
10990,Warwick,Orange,View Map
10992,Washingtonville,Orange,View Map
10993,West Haverstraw,Rockland,View Map
10994,West Nyack,Rockland,View Map
10996,West Point,Orange,View Map
10997,West Point,Orange,View Map
10998,Westtown,Orange,View Map
11001,Floral Park,Nassau,View Map
11002,Floral Park,Nassau,View Map
11003,Elmont,Nassau,View Map
11004,Glen Oaks,Queens,View Map
11005,Floral Park,Queens,View Map
11010,Franklin Square,Nassau,View Map
11020,Great Neck,Nassau,View Map
11021,Great Neck,Nassau,View Map
11022,Great Neck,Nassau,View Map
11023,Great Neck,Nassau,View Map
11024,Great Neck,Nassau,View Map
11025,Great Neck,Nassau,View Map
11026,Great Neck,Nassau,View Map
11027,Great Neck,Nassau,View Map
11030,Manhasset,Nassau,View Map
11040,New Hyde Park,Nassau,View Map
11041,New Hyde Park,Nassau,View Map
11042,New Hyde Park,Nassau,View Map
11043,New Hyde Park,Nassau,View Map
11044,New Hyde Park,Nassau,View Map
11050,Port Washington,Nassau,View Map
11051,Port Washington,Nassau,View Map
11052,Port Washington,Nassau,View Map
11053,Port Washington,Nassau,View Map
11054,Port Washington,Nassau,View Map
11055,Port Washington,Nassau,View Map
11096,Inwood,Nassau,View Map
11099,New Hyde Park,Nassau,View Map
11101,Long Island City,Queens,View Map
11102,Astoria,Queens,View Map
11103,Astoria,Queens,View Map
11104,Sunnyside,Queens,View Map
11105,Astoria,Queens,View Map
11106,Astoria,Queens,View Map
11109,Long Island City,Queens,View Map
11120,Long Island City,Queens,View Map
11201,Brooklyn,Kings,View Map
11202,Brooklyn,Kings,View Map
11203,Brooklyn,Kings,View Map
11204,Brooklyn,Kings,View Map
11205,Brooklyn,Kings,View Map
11206,Brooklyn,Kings,View Map
11207,Brooklyn,Kings,View Map
11208,Brooklyn,Kings,View Map
11209,Brooklyn,Kings,View Map
11210,Brooklyn,Kings,View Map
11211,Brooklyn,Kings,View Map
11212,Brooklyn,Kings,View Map
11213,Brooklyn,Kings,View Map
11214,Brooklyn,Kings,View Map
11215,Brooklyn,Kings,View Map
11216,Brooklyn,Kings,View Map
11217,Brooklyn,Kings,View Map
11218,Brooklyn,Kings,View Map
11219,Brooklyn,Kings,View Map
11220,Brooklyn,Kings,View Map
11221,Brooklyn,Kings,View Map
11222,Brooklyn,Kings,View Map
11223,Brooklyn,Kings,View Map
11224,Brooklyn,Kings,View Map
11225,Brooklyn,Kings,View Map
11226,Brooklyn,Kings,View Map
11228,Brooklyn,Kings,View Map
11229,Brooklyn,Kings,View Map
11230,Brooklyn,Kings,View Map
11231,Brooklyn,Kings,View Map
11232,Brooklyn,Kings,View Map
11233,Brooklyn,Kings,View Map
11234,Brooklyn,Kings,View Map
11235,Brooklyn,Kings,View Map
11236,Brooklyn,Kings,View Map
11237,Brooklyn,Kings,View Map
11238,Brooklyn,Kings,View Map
11239,Brooklyn,Kings,View Map
11240,Brooklyn,Kings,View Map
11241,Brooklyn,Kings,View Map
11242,Brooklyn,Kings,View Map
11243,Brooklyn,Kings,View Map
11244,Brooklyn,Kings,View Map
11245,Brooklyn,Kings,View Map
11247,Brooklyn,Kings,View Map
11248,Brooklyn,Kings,View Map
11249,Brooklyn,Kings,View Map
11251,Brooklyn,Kings,View Map
11252,Brooklyn,Kings,View Map
11254,Brooklyn,Kings,View Map
11255,Brooklyn,Kings,View Map
11256,Brooklyn,Kings,View Map
11351,Flushing,Queens,View Map
11352,Flushing,Queens,View Map
11354,Flushing,Queens,View Map
11355,Flushing,Queens,View Map
11356,College Point,Queens,View Map
11357,Whitestone,Queens,View Map
11358,Flushing,Queens,View Map
11359,Bayside,Queens,View Map
11360,Bayside,Queens,View Map
11361,Bayside,Queens,View Map
11362,Little Neck,Queens,View Map
11363,Little Neck,Queens,View Map
11364,Oakland Gardens,Queens,View Map
11365,Fresh Meadows,Queens,View Map
11366,Fresh Meadows,Queens,View Map
11367,Flushing,Queens,View Map
11368,Corona,Queens,View Map
11369,East Elmhurst,Queens,View Map
11370,East Elmhurst,Queens,View Map
11371,Flushing,Queens,View Map
11372,Jackson Heights,Queens,View Map
11373,Elmhurst,Queens,View Map
11374,Rego Park,Queens,View Map
11375,Forest Hills,Queens,View Map
11377,Woodside,Queens,View Map
11378,Maspeth,Queens,View Map
11379,Middle Village,Queens,View Map
11380,Elmhurst,Queens,View Map
11381,Flushing,Queens,View Map
11385,Ridgewood,Queens,View Map
11386,Ridgewood,Queens,View Map
11390,Flushing,Queens,View Map
11405,Jamaica,Queens,View Map
11411,Cambria Heights,Queens,View Map
11412,Saint Albans,Queens,View Map
11413,Springfield Gardens,Queens,View Map
11414,Howard Beach,Queens,View Map
11415,Kew Gardens,Queens,View Map
11416,Ozone Park,Queens,View Map
11417,Ozone Park,Queens,View Map
11418,Richmond Hill,Queens,View Map
11419,South Richmond Hill,Queens,View Map
11420,South Ozone Park,Queens,View Map
11421,Woodhaven,Queens,View Map
11422,Rosedale,Queens,View Map
11423,Hollis,Queens,View Map
11424,Jamaica,Queens,View Map
11425,Jamaica,Queens,View Map
11426,Bellerose,Queens,View Map
11427,Queens Village,Queens,View Map
11428,Queens Village,Queens,View Map
11429,Queens Village,Queens,View Map
11430,Jamaica,Queens,View Map
11431,Jamaica,Queens,View Map
11432,Jamaica,Queens,View Map
11433,Jamaica,Queens,View Map
11434,Jamaica,Queens,View Map
11435,Jamaica,Queens,View Map
11436,Jamaica,Queens,View Map
11439,Jamaica,Queens,View Map
11451,Jamaica,Queens,View Map
11499,Jamaica,Queens,View Map
11501,Mineola,Nassau,View Map
11507,Albertson,Nassau,View Map
11509,Atlantic Beach,Nassau,View Map
11510,Baldwin,Nassau,View Map
11514,Carle Place,Nassau,View Map
11516,Cedarhurst,Nassau,View Map
11518,East Rockaway,Nassau,View Map
11520,Freeport,Nassau,View Map
11530,Garden City,Nassau,View Map
11531,Garden City,Nassau,View Map
11535,Garden City,Nassau,View Map
11536,Garden City,Nassau,View Map
11542,Glen Cove,Nassau,View Map
11545,Glen Head,Nassau,View Map
11547,Glenwood Landing,Nassau,View Map
11548,Greenvale,Nassau,View Map
11549,Hempstead,Nassau,View Map
11550,Hempstead,Nassau,View Map
11551,Hempstead,Nassau,View Map
11552,West Hempstead,Nassau,View Map
11553,Uniondale,Nassau,View Map
11554,East Meadow,Nassau,View Map
11555,Uniondale,Nassau,View Map
11556,Uniondale,Nassau,View Map
11557,Hewlett,Nassau,View Map
11558,Island Park,Nassau,View Map
11559,Lawrence,Nassau,View Map
11560,Locust Valley,Nassau,View Map
11561,Long Beach,Nassau,View Map
11563,Lynbrook,Nassau,View Map
11565,Malverne,Nassau,View Map
11566,Merrick,Nassau,View Map
11568,Old Westbury,Nassau,View Map
11569,Point Lookout,Nassau,View Map
11570,Rockville Centre,Nassau,View Map
11571,Rockville Centre,Nassau,View Map
11572,Oceanside,Nassau,View Map
11575,Roosevelt,Nassau,View Map
11576,Roslyn,Nassau,View Map
11577,Roslyn Heights,Nassau,View Map
11579,Sea Cliff,Nassau,View Map
11580,Valley Stream,Nassau,View Map
11581,Valley Stream,Nassau,View Map
11582,Valley Stream,Nassau,View Map
11590,Westbury,Nassau,View Map
11592,Rockville Centre,Nassau,View Map
11594,Westbury,Nassau,View Map
11595,Westbury,Nassau,View Map
11596,Williston Park,Nassau,View Map
11597,Westbury,Nassau,View Map
11598,Woodmere,Nassau,View Map
11599,Garden City,Nassau,View Map
11690,Far Rockaway,Queens,View Map
11691,Far Rockaway,Queens,View Map
11692,Arverne,Queens,View Map
11693,Far Rockaway,Queens,View Map
11694,Rockaway Park,Queens,View Map
11695,Far Rockaway,Queens,View Map
11697,Breezy Point,Queens,View Map
11701,Amityville,Suffolk,View Map
11702,Babylon,Suffolk,View Map
11703,North Babylon,Suffolk,View Map
11704,West Babylon,Suffolk,View Map
11705,Bayport,Suffolk,View Map
11706,Bay Shore,Suffolk,View Map
11707,West Babylon,Suffolk,View Map
11708,Amityville,Suffolk,View Map
11709,Bayville,Nassau,View Map
11710,Bellmore,Nassau,View Map
11713,Bellport,Suffolk,View Map
11714,Bethpage,Nassau,View Map
11715,Blue Point,Suffolk,View Map
11716,Bohemia,Suffolk,View Map
11717,Brentwood,Suffolk,View Map
11718,Brightwaters,Suffolk,View Map
11719,Brookhaven,Suffolk,View Map
11720,Centereach,Suffolk,View Map
11721,Centerport,Suffolk,View Map
11722,Central Islip,Suffolk,View Map
11724,Cold Spring Harbor,Suffolk,View Map
11725,Commack,Suffolk,View Map
11726,Copiague,Suffolk,View Map
11727,Coram,Suffolk,View Map
11729,Deer Park,Suffolk,View Map
11730,East Islip,Suffolk,View Map
11731,East Northport,Suffolk,View Map
11732,East Norwich,Nassau,View Map
11733,East Setauket,Suffolk,View Map
11735,Farmingdale,Nassau,View Map
11736,Farmingdale,Nassau,View Map
11737,Farmingdale,Nassau,View Map
11738,Farmingville,Suffolk,View Map
11739,Great River,Suffolk,View Map
11740,Greenlawn,Suffolk,View Map
11741,Holbrook,Suffolk,View Map
11742,Holtsville,Suffolk,View Map
11743,Huntington,Suffolk,View Map
11746,Huntington Station,Suffolk,View Map
11747,Melville,Suffolk,View Map
11749,Islandia,Suffolk,View Map
11750,Huntington Station,Suffolk,View Map
11751,Islip,Suffolk,View Map
11752,Islip Terrace,Suffolk,View Map
11753,Jericho,Nassau,View Map
11754,Kings Park,Suffolk,View Map
11755,Lake Grove,Suffolk,View Map
11756,Levittown,Nassau,View Map
11757,Lindenhurst,Suffolk,View Map
11758,Massapequa,Nassau,View Map
11760,Islandia,Suffolk,View Map
11762,Massapequa Park,Nassau,View Map
11763,Medford,Suffolk,View Map
11764,Miller Place,Suffolk,View Map
11765,Mill Neck,Nassau,View Map
11766,Mount Sinai,Suffolk,View Map
11767,Nesconset,Suffolk,View Map
11768,Northport,Suffolk,View Map
11769,Oakdale,Suffolk,View Map
11770,Ocean Beach,Suffolk,View Map
11771,Oyster Bay,Nassau,View Map
11772,Patchogue,Suffolk,View Map
11773,Syosset,Nassau,View Map
11774,Farmingdale,Nassau,View Map
11775,Melville,Suffolk,View Map
11776,Port Jefferson Station,Suffolk,View Map
11777,Port Jefferson,Suffolk,View Map
11778,Rocky Point,Suffolk,View Map
11779,Ronkonkoma,Suffolk,View Map
11780,Saint James,Suffolk,View Map
11782,Sayville,Suffolk,View Map
11783,Seaford,Nassau,View Map
11784,Selden,Suffolk,View Map
11786,Shoreham,Suffolk,View Map
11787,Smithtown,Suffolk,View Map
11788,Hauppauge,Suffolk,View Map
11789,Sound Beach,Suffolk,View Map
11790,Stony Brook,Suffolk,View Map
11791,Syosset,Nassau,View Map
11792,Wading River,Suffolk,View Map
11793,Wantagh,Nassau,View Map
11794,Stony Brook,Suffolk,View Map
11795,West Islip,Suffolk,View Map
11796,West Sayville,Suffolk,View Map
11797,Woodbury,Nassau,View Map
11798,Wyandanch,Suffolk,View Map
11801,Hicksville,Nassau,View Map
11802,Hicksville,Nassau,View Map
11803,Plainview,Nassau,View Map
11804,Old Bethpage,Nassau,View Map
11815,Hicksville,Nassau,View Map
11819,Hicksville,Nassau,View Map
11853,Jericho,Nassau,View Map
11854,Hicksville,Nassau,View Map
11855,Hicksville,Nassau,View Map
11901,Riverhead,Suffolk,View Map
11930,Amagansett,Suffolk,View Map
11931,Aquebogue,Suffolk,View Map
11932,Bridgehampton,Suffolk,View Map
11933,Calverton,Suffolk,View Map
11934,Center Moriches,Suffolk,View Map
11935,Cutchogue,Suffolk,View Map
11937,East Hampton,Suffolk,View Map
11939,East Marion,Suffolk,View Map
11940,East Moriches,Suffolk,View Map
11941,Eastport,Suffolk,View Map
11942,East Quogue,Suffolk,View Map
11944,Greenport,Suffolk,View Map
11946,Hampton Bays,Suffolk,View Map
11947,Jamesport,Suffolk,View Map
11948,Laurel,Suffolk,View Map
11949,Manorville,Suffolk,View Map
11950,Mastic,Suffolk,View Map
11951,Mastic Beach,Suffolk,View Map
11952,Mattituck,Suffolk,View Map
11953,Middle Island,Suffolk,View Map
11954,Montauk,Suffolk,View Map
11955,Moriches,Suffolk,View Map
11956,New Suffolk,Suffolk,View Map
11957,Orient,Suffolk,View Map
11958,Peconic,Suffolk,View Map
11959,Quogue,Suffolk,View Map
11960,Remsenburg,Suffolk,View Map
11961,Ridge,Suffolk,View Map
11962,Sagaponack,Suffolk,View Map
11963,Sag Harbor,Suffolk,View Map
11964,Shelter Island,Suffolk,View Map
11965,Shelter Island Heights,Suffolk,View Map
11967,Shirley,Suffolk,View Map
11968,Southampton,Suffolk,View Map
11969,Southampton,Suffolk,View Map
11970,South Jamesport,Suffolk,View Map
11971,Southold,Suffolk,View Map
11972,Speonk,Suffolk,View Map
11973,Upton,Suffolk,View Map
11975,Wainscott,Suffolk,View Map
11976,Water Mill,Suffolk,View Map
11977,Westhampton,Suffolk,View Map
11978,Westhampton Beach,Suffolk,View Map
11980,Yaphank,Suffolk,View Map
12007,Alcove,Albany,View Map
12008,Alplaus,Schenectady,View Map
12009,Altamont,Albany,View Map
12010,Amsterdam,Montgomery,View Map
12015,Athens,Greene,View Map
12016,Auriesville,Montgomery,View Map
12017,Austerlitz,Columbia,View Map
12018,Averill Park,Rensselaer,View Map
12019,Ballston Lake,Saratoga,View Map
12020,Ballston Spa,Saratoga,View Map
12022,Berlin,Rensselaer,View Map
12023,Berne,Albany,View Map
12024,Brainard,Rensselaer,View Map
12025,Broadalbin,Fulton,View Map
12027,Burnt Hills,Saratoga,View Map
12028,Buskirk,Rensselaer,View Map
12029,Canaan,Columbia,View Map
12031,Carlisle,Schoharie,View Map
12032,Caroga Lake,Fulton,View Map
12033,Castleton On Hudson,Rensselaer,View Map
12035,Central Bridge,Schoharie,View Map
12036,Charlotteville,Schoharie,View Map
12037,Chatham,Columbia,View Map
12040,Cherry Plain,Rensselaer,View Map
12041,Clarksville,Albany,View Map
12042,Climax,Greene,View Map
12043,Cobleskill,Schoharie,View Map
12045,Coeymans,Albany,View Map
12046,Coeymans Hollow,Albany,View Map
12047,Cohoes,Albany,View Map
12050,Columbiaville,Columbia,View Map
12051,Coxsackie,Greene,View Map
12052,Cropseyville,Rensselaer,View Map
12053,Delanson,Schenectady,View Map
12054,Delmar,Albany,View Map
12055,Dormansville,Albany,View Map
12056,Duanesburg,Schenectady,View Map
12057,Eagle Bridge,Rensselaer,View Map
12058,Earlton,Greene,View Map
12059,East Berne,Albany,View Map
12060,East Chatham,Columbia,View Map
12061,East Greenbush,Rensselaer,View Map
12062,East Nassau,Rensselaer,View Map
12063,East Schodack,Rensselaer,View Map
12064,East Worcester,Otsego,View Map
12065,Clifton Park,Saratoga,View Map
12066,Esperance,Montgomery,View Map
12067,Feura Bush,Albany,View Map
12068,Fonda,Montgomery,View Map
12069,Fort Hunter,Montgomery,View Map
12070,Fort Johnson,Montgomery,View Map
12071,Fultonham,Schoharie,View Map
12072,Fultonville,Montgomery,View Map
12073,Gallupville,Schoharie,View Map
12074,Galway,Saratoga,View Map
12075,Ghent,Columbia,View Map
12076,Gilboa,Schoharie,View Map
12077,Glenmont,Albany,View Map
12078,Gloversville,Fulton,View Map
12082,Grafton,Rensselaer,View Map
12083,Greenville,Greene,View Map
12084,Guilderland,Albany,View Map
12085,Guilderland Center,Albany,View Map
12086,Hagaman,Montgomery,View Map
12087,Hannacroix,Greene,View Map
12089,Hoosick,Rensselaer,View Map
12090,Hoosick Falls,Rensselaer,View Map
12092,Howes Cave,Schoharie,View Map
12093,Jefferson,Schoharie,View Map
12094,Johnsonville,Rensselaer,View Map
12095,Johnstown,Fulton,View Map
12106,Kinderhook,Columbia,View Map
12107,Knox,Albany,View Map
12108,Lake Pleasant,Hamilton,View Map
12110,Latham,Albany,View Map
12115,Malden Bridge,Columbia,View Map
12116,Maryland,Otsego,View Map
12117,Mayfield,Fulton,View Map
12118,Mechanicville,Saratoga,View Map
12120,Medusa,Albany,View Map
12121,Melrose,Rensselaer,View Map
12122,Middleburgh,Schoharie,View Map
12123,Nassau,Rensselaer,View Map
12124,New Baltimore,Greene,View Map
12125,New Lebanon,Columbia,View Map
12128,Newtonville,Albany,View Map
12130,Niverville,Columbia,View Map
12131,North Blenheim,Schoharie,View Map
12132,North Chatham,Columbia,View Map
12133,North Hoosick,Rensselaer,View Map
12134,Northville,Fulton,View Map
12136,Old Chatham,Columbia,View Map
12137,Pattersonville,Schenectady,View Map
12138,Petersburg,Rensselaer,View Map
12139,Piseco,Hamilton,View Map
12140,Poestenkill,Rensselaer,View Map
12141,Quaker Street,Schenectady,View Map
12143,Ravena,Albany,View Map
12144,Rensselaer,Rensselaer,View Map
12147,Rensselaerville,Albany,View Map
12148,Rexford,Saratoga,View Map
12149,Richmondville,Schoharie,View Map
12150,Rotterdam Junction,Schenectady,View Map
12151,Round Lake,Saratoga,View Map
12153,Sand Lake,Rensselaer,View Map
12154,Schaghticoke,Rensselaer,View Map
12155,Schenevus,Otsego,View Map
12156,Schodack Landing,Rensselaer,View Map
12157,Schoharie,Schoharie,View Map
12158,Selkirk,Albany,View Map
12159,Slingerlands,Albany,View Map
12160,Sloansville,Schoharie,View Map
12161,South Bethlehem,Albany,View Map
12164,Speculator,Hamilton,View Map
12165,Spencertown,Columbia,View Map
12166,Sprakers,Montgomery,View Map
12167,Stamford,Delaware,View Map
12168,Stephentown,Rensselaer,View Map
12169,Stephentown,Rensselaer,View Map
12170,Stillwater,Saratoga,View Map
12172,Stottville,Columbia,View Map
12173,Stuyvesant,Columbia,View Map
12174,Stuyvesant Falls,Columbia,View Map
12175,Summit,Schoharie,View Map
12176,Surprise,Greene,View Map
12177,Tribes Hill,Montgomery,View Map
12180,Troy,Rensselaer,View Map
12181,Troy,Rensselaer,View Map
12182,Troy,Rensselaer,View Map
12183,Troy,Albany,View Map
12184,Valatie,Columbia,View Map
12185,Valley Falls,Rensselaer,View Map
12186,Voorheesville,Albany,View Map
12187,Warnerville,Schoharie,View Map
12188,Waterford,Saratoga,View Map
12189,Watervliet,Albany,View Map
12190,Wells,Hamilton,View Map
12192,West Coxsackie,Greene,View Map
12193,Westerlo,Albany,View Map
12194,West Fulton,Schoharie,View Map
12195,West Lebanon,Columbia,View Map
12196,West Sand Lake,Rensselaer,View Map
12197,Worcester,Otsego,View Map
12198,Wynantskill,Rensselaer,View Map
12201,Albany,Albany,View Map
12202,Albany,Albany,View Map
12203,Albany,Albany,View Map
12204,Albany,Albany,View Map
12205,Albany,Albany,View Map
12206,Albany,Albany,View Map
12207,Albany,Albany,View Map
12208,Albany,Albany,View Map
12209,Albany,Albany,View Map
12210,Albany,Albany,View Map
12211,Albany,Albany,View Map
12212,Albany,Albany,View Map
12214,Albany,Albany,View Map
12220,Albany,Albany,View Map
12222,Albany,Albany,View Map
12223,Albany,Albany,View Map
12224,Albany,Albany,View Map
12225,Albany,Albany,View Map
12226,Albany,Albany,View Map
12227,Albany,Albany,View Map
12228,Albany,Albany,View Map
12229,Albany,Albany,View Map
12230,Albany,Albany,View Map
12231,Albany,Albany,View Map
12232,Albany,Albany,View Map
12233,Albany,Albany,View Map
12234,Albany,Albany,View Map
12235,Albany,Albany,View Map
12236,Albany,Albany,View Map
12237,Albany,Albany,View Map
12238,Albany,Albany,View Map
12239,Albany,Albany,View Map
12240,Albany,Albany,View Map
12241,Albany,Albany,View Map
12242,Albany,Albany,View Map
12243,Albany,Albany,View Map
12244,Albany,Albany,View Map
12245,Albany,Albany,View Map
12246,Albany,Albany,View Map
12247,Albany,Albany,View Map
12248,Albany,Albany,View Map
12249,Albany,Albany,View Map
12250,Albany,Albany,View Map
12252,Albany,Albany,View Map
12255,Albany,Albany,View Map
12256,Albany,Albany,View Map
12257,Albany,Albany,View Map
12260,Albany,Albany,View Map
12261,Albany,Albany,View Map
12288,Albany,Albany,View Map
12301,Schenectady,Schenectady,View Map
12302,Schenectady,Schenectady,View Map
12303,Schenectady,Schenectady,View Map
12304,Schenectady,Schenectady,View Map
12305,Schenectady,Schenectady,View Map
12306,Schenectady,Schenectady,View Map
12307,Schenectady,Schenectady,View Map
12308,Schenectady,Schenectady,View Map
12309,Schenectady,Schenectady,View Map
12325,Schenectady,Schenectady,View Map
12345,Schenectady,Schenectady,View Map
12401,Kingston,Ulster,View Map
12402,Kingston,Ulster,View Map
12404,Accord,Ulster,View Map
12405,Acra,Greene,View Map
12406,Arkville,Delaware,View Map
12407,Ashland,Greene,View Map
12409,Bearsville,Ulster,View Map
12410,Big Indian,Ulster,View Map
12411,Bloomington,Ulster,View Map
12412,Boiceville,Ulster,View Map
12413,Cairo,Greene,View Map
12414,Catskill,Greene,View Map
12416,Chichester,Ulster,View Map
12417,Connelly,Ulster,View Map
12418,Cornwallville,Greene,View Map
12419,Cottekill,Ulster,View Map
12420,Cragsmoor,Ulster,View Map
12421,Denver,Delaware,View Map
12422,Durham,Greene,View Map
12423,East Durham,Greene,View Map
12424,East Jewett,Greene,View Map
12427,Elka Park,Greene,View Map
12428,Ellenville,Ulster,View Map
12429,Esopus,Ulster,View Map
12430,Fleischmanns,Delaware,View Map
12431,Freehold,Greene,View Map
12432,Glasco,Ulster,View Map
12433,Glenford,Ulster,View Map
12434,Grand Gorge,Delaware,View Map
12435,Greenfield Park,Ulster,View Map
12436,Haines Falls,Greene,View Map
12438,Halcottsville,Delaware,View Map
12439,Hensonville,Greene,View Map
12440,High Falls,Ulster,View Map
12441,Highmount,Ulster,View Map
12442,Hunter,Greene,View Map
12443,Hurley,Ulster,View Map
12444,Jewett,Greene,View Map
12446,Kerhonkson,Ulster,View Map
12448,Lake Hill,Ulster,View Map
12449,Lake Katrine,Ulster,View Map
12450,Lanesville,Greene,View Map
12451,Leeds,Greene,View Map
12452,Lexington,Greene,View Map
12453,Malden On Hudson,Ulster,View Map
12454,Maplecrest,Greene,View Map
12455,Margaretville,Delaware,View Map
12456,Mount Marion,Ulster,View Map
12457,Mount Tremper,Ulster,View Map
12458,Napanoch,Ulster,View Map
12459,New Kingston,Delaware,View Map
12460,Oak Hill,Greene,View Map
12461,Olivebridge,Ulster,View Map
12463,Palenville,Greene,View Map
12464,Phoenicia,Ulster,View Map
12465,Pine Hill,Ulster,View Map
12466,Port Ewen,Ulster,View Map
12468,Prattsville,Greene,View Map
12469,Preston Hollow,Albany,View Map
12470,Purling,Greene,View Map
12471,Rifton,Ulster,View Map
12472,Rosendale,Ulster,View Map
12473,Round Top,Greene,View Map
12474,Roxbury,Delaware,View Map
12475,Ruby,Ulster,View Map
12477,Saugerties,Ulster,View Map
12480,Shandaken,Ulster,View Map
12481,Shokan,Ulster,View Map
12482,South Cairo,Greene,View Map
12483,Spring Glen,Ulster,View Map
12484,Stone Ridge,Ulster,View Map
12485,Tannersville,Greene,View Map
12486,Tillson,Ulster,View Map
12487,Ulster Park,Ulster,View Map
12489,Wawarsing,Ulster,View Map
12490,West Camp,Ulster,View Map
12491,West Hurley,Ulster,View Map
12492,West Kill,Greene,View Map
12493,West Park,Ulster,View Map
12494,West Shokan,Ulster,View Map
12495,Willow,Ulster,View Map
12496,Windham,Greene,View Map
12498,Woodstock,Ulster,View Map
12501,Amenia,Dutchess,View Map
12502,Ancram,Columbia,View Map
12503,Ancramdale,Columbia,View Map
12504,Annandale On Hudson,Dutchess,View Map
12506,Bangall,Dutchess,View Map
12507,Barrytown,Dutchess,View Map
12508,Beacon,Dutchess,View Map
12510,Billings,Dutchess,View Map
12511,Castle Point,Dutchess,View Map
12512,Chelsea,Dutchess,View Map
12513,Claverack,Columbia,View Map
12514,Clinton Corners,Dutchess,View Map
12515,Clintondale,Ulster,View Map
12516,Copake,Columbia,View Map
12517,Copake Falls,Columbia,View Map
12518,Cornwall,Orange,View Map
12520,Cornwall On Hudson,Orange,View Map
12521,Craryville,Columbia,View Map
12522,Dover Plains,Dutchess,View Map
12523,Elizaville,Columbia,View Map
12524,Fishkill,Dutchess,View Map
12525,Gardiner,Ulster,View Map
12526,Germantown,Columbia,View Map
12527,Glenham,Dutchess,View Map
12528,Highland,Ulster,View Map
12529,Hillsdale,Columbia,View Map
12530,Hollowville,Columbia,View Map
12531,Holmes,Dutchess,View Map
12533,Hopewell Junction,Dutchess,View Map
12534,Hudson,Columbia,View Map
12537,Hughsonville,Dutchess,View Map
12538,Hyde Park,Dutchess,View Map
12540,Lagrangeville,Dutchess,View Map
12541,Livingston,Columbia,View Map
12542,Marlboro,Ulster,View Map
12543,Maybrook,Orange,View Map
12544,Mellenville,Columbia,View Map
12545,Millbrook,Dutchess,View Map
12546,Millerton,Dutchess,View Map
12547,Milton,Ulster,View Map
12548,Modena,Ulster,View Map
12549,Montgomery,Orange,View Map
12550,Newburgh,Orange,View Map
12551,Newburgh,Orange,View Map
12552,Newburgh,Orange,View Map
12553,New Windsor,Orange,View Map
12555,Newburgh,Orange,View Map
12561,New Paltz,Ulster,View Map
12563,Patterson,Putnam,View Map
12564,Pawling,Dutchess,View Map
12565,Philmont,Columbia,View Map
12566,Pine Bush,Orange,View Map
12567,Pine Plains,Dutchess,View Map
12568,Plattekill,Ulster,View Map
12569,Pleasant Valley,Dutchess,View Map
12570,Poughquag,Dutchess,View Map
12571,Red Hook,Dutchess,View Map
12572,Rhinebeck,Dutchess,View Map
12574,Rhinecliff,Dutchess,View Map
12575,Rock Tavern,Orange,View Map
12577,Salisbury Mills,Orange,View Map
12578,Salt Point,Dutchess,View Map
12580,Staatsburg,Dutchess,View Map
12581,Stanfordville,Dutchess,View Map
12582,Stormville,Dutchess,View Map
12583,Tivoli,Dutchess,View Map
12584,Vails Gate,Orange,View Map
12585,Verbank,Dutchess,View Map
12586,Walden,Orange,View Map
12588,Walker Valley,Ulster,View Map
12589,Wallkill,Ulster,View Map
12590,Wappingers Falls,Dutchess,View Map
12592,Wassaic,Dutchess,View Map
12593,West Copake,Columbia,View Map
12594,Wingdale,Dutchess,View Map
12601,Poughkeepsie,Dutchess,View Map
12602,Poughkeepsie,Dutchess,View Map
12603,Poughkeepsie,Dutchess,View Map
12604,Poughkeepsie,Dutchess,View Map
12701,Monticello,Sullivan,View Map
12719,Barryville,Sullivan,View Map
12720,Bethel,Sullivan,View Map
12721,Bloomingburg,Sullivan,View Map
12722,Burlingham,Sullivan,View Map
12723,Callicoon,Sullivan,View Map
12724,Callicoon Center,Sullivan,View Map
12725,Claryville,Sullivan,View Map
12726,Cochecton,Sullivan,View Map
12727,Cochecton Center,Sullivan,View Map
12729,Cuddebackville,Orange,View Map
12732,Eldred,Sullivan,View Map
12733,Fallsburg,Sullivan,View Map
12734,Ferndale,Sullivan,View Map
12736,Fremont Center,Sullivan,View Map
12737,Glen Spey,Sullivan,View Map
12738,Glen Wild,Sullivan,View Map
12740,Grahamsville,Sullivan,View Map
12741,Hankins,Sullivan,View Map
12742,Harris,Sullivan,View Map
12743,Highland Lake,Sullivan,View Map
12745,Hortonville,Sullivan,View Map
12746,Huguenot,Orange,View Map
12747,Hurleyville,Sullivan,View Map
12748,Jeffersonville,Sullivan,View Map
12749,Kauneonga Lake,Sullivan,View Map
12750,Kenoza Lake,Sullivan,View Map
12751,Kiamesha Lake,Sullivan,View Map
12752,Lake Huntington,Sullivan,View Map
12754,Liberty,Sullivan,View Map
12758,Livingston Manor,Sullivan,View Map
12759,Loch Sheldrake,Sullivan,View Map
12760,Long Eddy,Sullivan,View Map
12762,Mongaup Valley,Sullivan,View Map
12763,Mountain Dale,Sullivan,View Map
12764,Narrowsburg,Sullivan,View Map
12765,Neversink,Sullivan,View Map
12766,North Branch,Sullivan,View Map
12767,Obernburg,Sullivan,View Map
12768,Parksville,Sullivan,View Map
12769,Phillipsport,Sullivan,View Map
12770,Pond Eddy,Sullivan,View Map
12771,Port Jervis,Orange,View Map
12775,Rock Hill,Sullivan,View Map
12776,Roscoe,Sullivan,View Map
12777,Forestburgh,Sullivan,View Map
12778,Smallwood,Sullivan,View Map
12779,South Fallsburg,Sullivan,View Map
12780,Sparrow Bush,Orange,View Map
12781,Summitville,Sullivan,View Map
12783,Swan Lake,Sullivan,View Map
12784,Thompsonville,Sullivan,View Map
12785,Westbrookville,Sullivan,View Map
12786,White Lake,Sullivan,View Map
12787,White Sulphur Springs,Sullivan,View Map
12788,Woodbourne,Sullivan,View Map
12789,Woodridge,Sullivan,View Map
12790,Wurtsboro,Sullivan,View Map
12791,Youngsville,Sullivan,View Map
12792,Yulan,Sullivan,View Map
12801,Glens Falls,Warren,View Map
12803,South Glens Falls,Saratoga,View Map
12804,Queensbury,Warren,View Map
12808,Adirondack,Warren,View Map
12809,Argyle,Washington,View Map
12810,Athol,Warren,View Map
12811,Bakers Mills,Warren,View Map
12812,Blue Mountain Lake,Hamilton,View Map
12814,Bolton Landing,Warren,View Map
12815,Brant Lake,Warren,View Map
12816,Cambridge,Washington,View Map
12817,Chestertown,Warren,View Map
12819,Clemons,Washington,View Map
12820,Cleverdale,Warren,View Map
12821,Comstock,Washington,View Map
12822,Corinth,Saratoga,View Map
12823,Cossayuna,Washington,View Map
12824,Diamond Point,Warren,View Map
12827,Fort Ann,Washington,View Map
12828,Fort Edward,Washington,View Map
12831,Gansevoort,Saratoga,View Map
12832,Granville,Washington,View Map
12833,Greenfield Center,Saratoga,View Map
12834,Greenwich,Washington,View Map
12835,Hadley,Saratoga,View Map
12836,Hague,Warren,View Map
12837,Hampton,Washington,View Map
12838,Hartford,Washington,View Map
12839,Hudson Falls,Washington,View Map
12841,Huletts Landing,Washington,View Map
12842,Indian Lake,Hamilton,View Map
12843,Johnsburg,Warren,View Map
12844,Kattskill Bay,Warren,View Map
12845,Lake George,Warren,View Map
12846,Lake Luzerne,Warren,View Map
12847,Long Lake,Hamilton,View Map
12848,Middle Falls,Washington,View Map
12849,Middle Granville,Washington,View Map
12850,Middle Grove,Saratoga,View Map
12851,Minerva,Essex,View Map
12852,Newcomb,Essex,View Map
12853,North Creek,Warren,View Map
12854,North Granville,Washington,View Map
12855,North Hudson,Essex,View Map
12856,North River,Warren,View Map
12857,Olmstedville,Essex,View Map
12858,Paradox,Essex,View Map
12859,Porter Corners,Saratoga,View Map
12860,Pottersville,Warren,View Map
12861,Putnam Station,Washington,View Map
12862,Riparius,Warren,View Map
12863,Rock City Falls,Saratoga,View Map
12864,Sabael,Hamilton,View Map
12865,Salem,Washington,View Map
12866,Saratoga Springs,Saratoga,View Map
12870,Schroon Lake,Essex,View Map
12871,Schuylerville,Saratoga,View Map
12872,Severance,Essex,View Map
12873,Shushan,Washington,View Map
12874,Silver Bay,Warren,View Map
12878,Stony Creek,Warren,View Map
12879,Newcomb,Essex,View Map
12883,Ticonderoga,Essex,View Map
12884,Victory Mills,Saratoga,View Map
12885,Warrensburg,Warren,View Map
12886,Wevertown,Warren,View Map
12887,Whitehall,Washington,View Map
12901,Plattsburgh,Clinton,View Map
12903,Plattsburgh,Clinton,View Map
12910,Altona,Clinton,View Map
12911,Keeseville,Clinton,View Map
12912,Au Sable Forks,Clinton,View Map
12913,Bloomingdale,Essex,View Map
12914,Bombay,Franklin,View Map
12915,Brainardsville,Franklin,View Map
12916,Brushton,Franklin,View Map
12917,Burke,Franklin,View Map
12918,Cadyville,Clinton,View Map
12919,Champlain,Clinton,View Map
12920,Chateaugay,Franklin,View Map
12921,Chazy,Clinton,View Map
12922,Childwold,Saint Lawrence,View Map
12923,Churubusco,Clinton,View Map
12924,Keeseville,Clinton,View Map
12926,Constable,Franklin,View Map
12927,Cranberry Lake,Saint Lawrence,View Map
12928,Crown Point,Essex,View Map
12929,Dannemora,Clinton,View Map
12930,Dickinson Center,Franklin,View Map
12932,Elizabethtown,Essex,View Map
12933,Ellenburg,Clinton,View Map
12934,Ellenburg Center,Clinton,View Map
12935,Ellenburg Depot,Clinton,View Map
12936,Essex,Essex,View Map
12937,Fort Covington,Franklin,View Map
12939,Gabriels,Franklin,View Map
12941,Jay,Essex,View Map
12942,Keene,Essex,View Map
12943,Keene Valley,Essex,View Map
12944,Keeseville,Clinton,View Map
12945,Lake Clear,Franklin,View Map
12946,Lake Placid,Essex,View Map
12949,Lawrenceville,Saint Lawrence,View Map
12950,Lewis,Essex,View Map
12952,Lyon Mountain,Clinton,View Map
12953,Malone,Franklin,View Map
12955,Lyon Mountain,Clinton,View Map
12956,Mineville,Essex,View Map
12957,Moira,Franklin,View Map
12958,Mooers,Clinton,View Map
12959,Mooers Forks,Clinton,View Map
12960,Moriah,Essex,View Map
12961,Moriah Center,Essex,View Map
12962,Morrisonville,Clinton,View Map
12964,New Russia,Essex,View Map
12965,Nicholville,Saint Lawrence,View Map
12966,North Bangor,Franklin,View Map
12967,North Lawrence,Saint Lawrence,View Map
12969,Owls Head,Franklin,View Map
12970,Paul Smiths,Franklin,View Map
12972,Peru,Clinton,View Map
12973,Piercefield,Saint Lawrence,View Map
12974,Port Henry,Essex,View Map
12975,Port Kent,Essex,View Map
12976,Rainbow Lake,Franklin,View Map
12977,Ray Brook,Essex,View Map
12978,Redford,Clinton,View Map
12979,Rouses Point,Clinton,View Map
12980,Saint Regis Falls,Franklin,View Map
12981,Saranac,Clinton,View Map
12983,Saranac Lake,Franklin,View Map
12985,Schuyler Falls,Clinton,View Map
12986,Tupper Lake,Franklin,View Map
12987,Upper Jay,Essex,View Map
12989,Vermontville,Franklin,View Map
12992,West Chazy,Clinton,View Map
12993,Westport,Essex,View Map
12995,Whippleville,Franklin,View Map
12996,Willsboro,Essex,View Map
12997,Wilmington,Essex,View Map
12998,Witherbee,Essex,View Map
13020,Apulia Station,Onondaga,View Map
13021,Auburn,Cayuga,View Map
13022,Auburn,Cayuga,View Map
13024,Auburn,Cayuga,View Map
13026,Aurora,Cayuga,View Map
13027,Baldwinsville,Onondaga,View Map
13028,Bernhards Bay,Oswego,View Map
13029,Brewerton,Onondaga,View Map
13030,Bridgeport,Onondaga,View Map
13031,Camillus,Onondaga,View Map
13032,Canastota,Madison,View Map
13033,Cato,Cayuga,View Map
13034,Cayuga,Cayuga,View Map
13035,Cazenovia,Madison,View Map
13036,Central Square,Oswego,View Map
13037,Chittenango,Madison,View Map
13039,Cicero,Onondaga,View Map
13040,Cincinnatus,Cortland,View Map
13041,Clay,Onondaga,View Map
13042,Cleveland,Oswego,View Map
13043,Clockville,Madison,View Map
13044,Constantia,Oswego,View Map
13045,Cortland,Cortland,View Map
13051,Delphi Falls,Onondaga,View Map
13052,De Ruyter,Madison,View Map
13053,Dryden,Tompkins,View Map
13054,Durhamville,Oneida,View Map
13056,East Homer,Cortland,View Map
13057,East Syracuse,Onondaga,View Map
13060,Elbridge,Onondaga,View Map
13061,Erieville,Madison,View Map
13062,Etna,Tompkins,View Map
13063,Fabius,Onondaga,View Map
13064,Fair Haven,Cayuga,View Map
13065,Fayette,Seneca,View Map
13066,Fayetteville,Onondaga,View Map
13068,Freeville,Tompkins,View Map
13069,Fulton,Oswego,View Map
13071,Genoa,Cayuga,View Map
13072,Georgetown,Madison,View Map
13073,Groton,Tompkins,View Map
13074,Hannibal,Oswego,View Map
13076,Hastings,Oswego,View Map
13077,Homer,Cortland,View Map
13078,Jamesville,Onondaga,View Map
13080,Jordan,Onondaga,View Map
13081,King Ferry,Cayuga,View Map
13082,Kirkville,Onondaga,View Map
13083,Lacona,Oswego,View Map
13084,La Fayette,Onondaga,View Map
13087,Little York,Cortland,View Map
13088,Liverpool,Onondaga,View Map
13089,Liverpool,Onondaga,View Map
13090,Liverpool,Onondaga,View Map
13092,Locke,Tompkins,View Map
13093,Lycoming,Oswego,View Map
13101,Mc Graw,Cortland,View Map
13102,Mc Lean,Tompkins,View Map
13103,Mallory,Oswego,View Map
13104,Manlius,Onondaga,View Map
13107,Maple View,Oswego,View Map
13108,Marcellus,Onondaga,View Map
13110,Marietta,Onondaga,View Map
13111,Martville,Cayuga,View Map
13112,Memphis,Onondaga,View Map
13113,Meridian,Cayuga,View Map
13114,Mexico,Oswego,View Map
13115,Minetto,Oswego,View Map
13116,Minoa,Onondaga,View Map
13117,Montezuma,Cayuga,View Map
13118,Moravia,Cayuga,View Map
13119,Mottville,Onondaga,View Map
13120,Nedrow,Onondaga,View Map
13121,New Haven,Oswego,View Map
13122,New Woodstock,Madison,View Map
13123,North Bay,Oneida,View Map
13124,North Pitcher,Chenango,View Map
13126,Oswego,Oswego,View Map
13131,Parish,Oswego,View Map
13132,Pennellville,Oswego,View Map
13134,Peterboro,Madison,View Map
13135,Phoenix,Oswego,View Map
13136,Pitcher,Chenango,View Map
13137,Plainville,Onondaga,View Map
13138,Pompey,Onondaga,View Map
13139,Poplar Ridge,Cayuga,View Map
13140,Port Byron,Cayuga,View Map
13141,Preble,Cortland,View Map
13142,Pulaski,Oswego,View Map
13143,Red Creek,Wayne,View Map
13144,Richland,Oswego,View Map
13145,Sandy Creek,Oswego,View Map
13146,Savannah,Wayne,View Map
13147,Scipio Center,Cayuga,View Map
13148,Seneca Falls,Seneca,View Map
13152,Skaneateles,Onondaga,View Map
13153,Skaneateles Falls,Onondaga,View Map
13154,South Butler,Wayne,View Map
13155,South Otselic,Chenango,View Map
13156,Sterling,Cayuga,View Map
13157,Sylvan Beach,Oneida,View Map
13158,Truxton,Cortland,View Map
13159,Tully,Onondaga,View Map
13160,Union Springs,Cayuga,View Map
13162,Verona Beach,Oneida,View Map
13163,Wampsville,Madison,View Map
13164,Warners,Onondaga,View Map
13165,Waterloo,Seneca,View Map
13166,Weedsport,Cayuga,View Map
13167,West Monroe,Oswego,View Map
13201,Syracuse,Onondaga,View Map
13202,Syracuse,Onondaga,View Map
13203,Syracuse,Onondaga,View Map
13204,Syracuse,Onondaga,View Map
13205,Syracuse,Onondaga,View Map
13206,Syracuse,Onondaga,View Map
13207,Syracuse,Onondaga,View Map
13208,Syracuse,Onondaga,View Map
13209,Syracuse,Onondaga,View Map
13210,Syracuse,Onondaga,View Map
13211,Syracuse,Onondaga,View Map
13212,Syracuse,Onondaga,View Map
13214,Syracuse,Onondaga,View Map
13215,Syracuse,Onondaga,View Map
13217,Syracuse,Onondaga,View Map
13218,Syracuse,Onondaga,View Map
13219,Syracuse,Onondaga,View Map
13220,Syracuse,Onondaga,View Map
13221,Syracuse,Onondaga,View Map
13224,Syracuse,Onondaga,View Map
13225,Syracuse,Onondaga,View Map
13235,Syracuse,Onondaga,View Map
13244,Syracuse,Onondaga,View Map
13250,Syracuse,Onondaga,View Map
13251,Syracuse,Onondaga,View Map
13252,Syracuse,Onondaga,View Map
13261,Syracuse,Onondaga,View Map
13290,Syracuse,Onondaga,View Map
13301,Alder Creek,Oneida,View Map
13302,Altmar,Oswego,View Map
13303,Ava,Oneida,View Map
13304,Barneveld,Oneida,View Map
13305,Beaver Falls,Lewis,View Map
13308,Blossvale,Oneida,View Map
13309,Boonville,Oneida,View Map
13310,Bouckville,Madison,View Map
13312,Brantingham,Lewis,View Map
13313,Bridgewater,Oneida,View Map
13314,Brookfield,Madison,View Map
13315,Burlington Flats,Otsego,View Map
13316,Camden,Oneida,View Map
13317,Canajoharie,Montgomery,View Map
13318,Cassville,Oneida,View Map
13319,Chadwicks,Oneida,View Map
13320,Cherry Valley,Montgomery,View Map
13321,Clark Mills,Oneida,View Map
13322,Clayville,Oneida,View Map
13323,Clinton,Oneida,View Map
13324,Cold Brook,Herkimer,View Map
13325,Constableville,Lewis,View Map
13326,Cooperstown,Otsego,View Map
13327,Croghan,Lewis,View Map
13328,Deansboro,Oneida,View Map
13329,Dolgeville,Herkimer,View Map
13331,Eagle Bay,Herkimer,View Map
13332,Earlville,Chenango,View Map
13333,East Springfield,Otsego,View Map
13334,Eaton,Madison,View Map
13335,Edmeston,Otsego,View Map
13337,Fly Creek,Otsego,View Map
13338,Forestport,Oneida,View Map
13339,Fort Plain,Montgomery,View Map
13340,Frankfort,Herkimer,View Map
13341,Franklin Springs,Oneida,View Map
13342,Garrattsville,Otsego,View Map
13343,Glenfield,Lewis,View Map
13345,Greig,Lewis,View Map
13346,Hamilton,Madison,View Map
13348,Hartwick,Otsego,View Map
13350,Herkimer,Herkimer,View Map
13352,Hinckley,Oneida,View Map
13353,Hoffmeister,Hamilton,View Map
13354,Holland Patent,Oneida,View Map
13355,Hubbardsville,Madison,View Map
13357,Ilion,Herkimer,View Map
13360,Inlet,Hamilton,View Map
13361,Jordanville,Herkimer,View Map
13362,Knoxboro,Oneida,View Map
13363,Lee Center,Oneida,View Map
13364,Leonardsville,Madison,View Map
13365,Little Falls,Herkimer,View Map
13367,Lowville,Lewis,View Map
13368,Lyons Falls,Lewis,View Map
13401,Mc Connellsville,Oneida,View Map
13402,Madison,Madison,View Map
13403,Marcy,Oneida,View Map
13404,Martinsburg,Lewis,View Map
13406,Middleville,Herkimer,View Map
13407,Mohawk,Herkimer,View Map
13408,Morrisville,Madison,View Map
13409,Munnsville,Madison,View Map
13410,Nelliston,Montgomery,View Map
13411,New Berlin,Chenango,View Map
13413,New Hartford,Oneida,View Map
13415,New Lisbon,Otsego,View Map
13416,Newport,Herkimer,View Map
13417,New York Mills,Oneida,View Map
13418,North Brookfield,Madison,View Map
13420,Old Forge,Herkimer,View Map
13421,Oneida,Madison,View Map
13424,Oriskany,Oneida,View Map
13425,Oriskany Falls,Oneida,View Map
13426,Orwell,Oswego,View Map
13428,Palatine Bridge,Montgomery,View Map
13431,Poland,Herkimer,View Map
13433,Port Leyden,Lewis,View Map
13435,Prospect,Oneida,View Map
13436,Raquette Lake,Hamilton,View Map
13437,Redfield,Oswego,View Map
13438,Remsen,Oneida,View Map
13439,Richfield Springs,Otsego,View Map
13440,Rome,Oneida,View Map
13441,Rome,Oneida,View Map
13442,Rome,Oneida,View Map
13449,Rome,Oneida,View Map
13450,Roseboom,Otsego,View Map
13452,Saint Johnsville,Montgomery,View Map
13454,Salisbury Center,Herkimer,View Map
13455,Sangerfield,Oneida,View Map
13456,Sauquoit,Oneida,View Map
13457,Schuyler Lake,Otsego,View Map
13459,Sharon Springs,Schoharie,View Map
13460,Sherburne,Chenango,View Map
13461,Sherrill,Oneida,View Map
13464,Smyrna,Chenango,View Map
13465,Solsville,Madison,View Map
13468,Springfield Center,Otsego,View Map
13469,Stittville,Oneida,View Map
13470,Stratford,Fulton,View Map
13471,Taberg,Oneida,View Map
13472,Thendara,Herkimer,View Map
13473,Turin,Lewis,View Map
13475,Van Hornesville,Herkimer,View Map
13476,Vernon,Oneida,View Map
13477,Vernon Center,Oneida,View Map
13478,Verona,Oneida,View Map
13479,Washington Mills,Oneida,View Map
13480,Waterville,Oneida,View Map
13482,West Burlington,Otsego,View Map
13483,Westdale,Oneida,View Map
13484,West Eaton,Madison,View Map
13485,West Edmeston,Madison,View Map
13486,Westernville,Oneida,View Map
13488,Westford,Otsego,View Map
13489,West Leyden,Lewis,View Map
13490,Westmoreland,Oneida,View Map
13491,West Winfield,Herkimer,View Map
13492,Whitesboro,Oneida,View Map
13493,Williamstown,Oswego,View Map
13494,Woodgate,Oneida,View Map
13495,Yorkville,Oneida,View Map
13501,Utica,Oneida,View Map
13502,Utica,Oneida,View Map
13503,Utica,Oneida,View Map
13504,Utica,Oneida,View Map
13505,Utica,Oneida,View Map
13599,Utica,Oneida,View Map
13601,Watertown,Jefferson,View Map
13602,Fort Drum,Jefferson,View Map
13603,Watertown,Jefferson,View Map
13605,Adams,Jefferson,View Map
13606,Adams Center,Jefferson,View Map
13607,Alexandria Bay,Jefferson,View Map
13608,Antwerp,Jefferson,View Map
13611,Belleville,Jefferson,View Map
13612,Black River,Jefferson,View Map
13613,Brasher Falls,Saint Lawrence,View Map
13614,Brier Hill,Saint Lawrence,View Map
13615,Brownville,Jefferson,View Map
13616,Calcium,Jefferson,View Map
13617,Canton,Saint Lawrence,View Map
13618,Cape Vincent,Jefferson,View Map
13619,Carthage,Jefferson,View Map
13620,Castorland,Lewis,View Map
13621,Chase Mills,Saint Lawrence,View Map
13622,Chaumont,Jefferson,View Map
13623,Chippewa Bay,Saint Lawrence,View Map
13624,Clayton,Jefferson,View Map
13625,Colton,Saint Lawrence,View Map
13626,Copenhagen,Lewis,View Map
13627,Deer River,Lewis,View Map
13628,Deferiet,Jefferson,View Map
13630,De Kalb Junction,Saint Lawrence,View Map
13631,Denmark,Lewis,View Map
13632,Depauville,Jefferson,View Map
13633,De Peyster,Saint Lawrence,View Map
13634,Dexter,Jefferson,View Map
13635,Edwards,Saint Lawrence,View Map
13636,Ellisburg,Jefferson,View Map
13637,Evans Mills,Jefferson,View Map
13638,Felts Mills,Jefferson,View Map
13639,Fine,Saint Lawrence,View Map
13640,Wellesley Island,Jefferson,View Map
13641,Fishers Landing,Jefferson,View Map
13642,Gouverneur,Saint Lawrence,View Map
13643,Great Bend,Jefferson,View Map
13645,Hailesboro,Saint Lawrence,View Map
13646,Hammond,Saint Lawrence,View Map
13647,Hannawa Falls,Saint Lawrence,View Map
13648,Harrisville,Lewis,View Map
13649,Helena,Saint Lawrence,View Map
13650,Henderson,Jefferson,View Map
13651,Henderson Harbor,Jefferson,View Map
13652,Hermon,Saint Lawrence,View Map
13654,Heuvelton,Saint Lawrence,View Map
13655,Hogansburg,Franklin,View Map
13656,La Fargeville,Jefferson,View Map
13657,Limerick,Jefferson,View Map
13658,Lisbon,Saint Lawrence,View Map
13659,Lorraine,Jefferson,View Map
13660,Madrid,Saint Lawrence,View Map
13661,Mannsville,Jefferson,View Map
13662,Massena,Saint Lawrence,View Map
13664,Morristown,Saint Lawrence,View Map
13665,Natural Bridge,Jefferson,View Map
13666,Newton Falls,Saint Lawrence,View Map
13667,Norfolk,Saint Lawrence,View Map
13668,Norwood,Saint Lawrence,View Map
13669,Ogdensburg,Saint Lawrence,View Map
13670,Oswegatchie,Saint Lawrence,View Map
13671,Oxbow,Jefferson,View Map
13672,Parishville,Saint Lawrence,View Map
13673,Philadelphia,Jefferson,View Map
13674,Pierrepont Manor,Jefferson,View Map
13675,Plessis,Jefferson,View Map
13676,Potsdam,Saint Lawrence,View Map
13677,Pyrites,Saint Lawrence,View Map
13678,Raymondville,Saint Lawrence,View Map
13679,Redwood,Jefferson,View Map
13680,Rensselaer Falls,Saint Lawrence,View Map
13681,Richville,Saint Lawrence,View Map
13682,Rodman,Jefferson,View Map
13683,Rooseveltown,Saint Lawrence,View Map
13684,Russell,Saint Lawrence,View Map
13685,Sackets Harbor,Jefferson,View Map
13687,South Colton,Saint Lawrence,View Map
13690,Star Lake,Saint Lawrence,View Map
13691,Theresa,Jefferson,View Map
13692,Thousand Island Park,Jefferson,View Map
13693,Three Mile Bay,Jefferson,View Map
13694,Waddington,Saint Lawrence,View Map
13695,Wanakena,Saint Lawrence,View Map
13696,West Stockholm,Saint Lawrence,View Map
13697,Winthrop,Saint Lawrence,View Map
13699,Potsdam,Saint Lawrence,View Map
13730,Afton,Chenango,View Map
13731,Andes,Delaware,View Map
13732,Apalachin,Tioga,View Map
13733,Bainbridge,Chenango,View Map
13734,Barton,Tioga,View Map
13736,Berkshire,Tioga,View Map
13737,Bible School Park,Broome,View Map
13738,Blodgett Mills,Cortland,View Map
13739,Bloomville,Delaware,View Map
13740,Bovina Center,Delaware,View Map
13743,Candor,Tioga,View Map
13744,Castle Creek,Broome,View Map
13745,Chenango Bridge,Broome,View Map
13746,Chenango Forks,Broome,View Map
13747,Colliersville,Otsego,View Map
13748,Conklin,Broome,View Map
13749,Corbettsville,Broome,View Map
13750,Davenport,Delaware,View Map
13751,Davenport Center,Delaware,View Map
13752,Delancey,Delaware,View Map
13753,Delhi,Delaware,View Map
13754,Deposit,Broome,View Map
13755,Downsville,Delaware,View Map
13756,East Branch,Delaware,View Map
13757,East Meredith,Delaware,View Map
13758,East Pharsalia,Chenango,View Map
13760,Endicott,Broome,View Map
13761,Endicott,Broome,View Map
13762,Endwell,Broome,View Map
13763,Endicott,Broome,View Map
13774,Fishs Eddy,Delaware,View Map
13775,Franklin,Delaware,View Map
13776,Gilbertsville,Otsego,View Map
13777,Glen Aubrey,Broome,View Map
13778,Greene,Chenango,View Map
13780,Guilford,Chenango,View Map
13782,Hamden,Delaware,View Map
13783,Hancock,Delaware,View Map
13784,Harford,Cortland,View Map
13786,Harpersfield,Delaware,View Map
13787,Harpursville,Broome,View Map
13788,Hobart,Delaware,View Map
13790,Johnson City,Broome,View Map
13794,Killawog,Broome,View Map
13795,Kirkwood,Broome,View Map
13796,Laurens,Otsego,View Map
13797,Lisle,Broome,View Map
13801,Mc Donough,Chenango,View Map
13802,Maine,Broome,View Map
13803,Marathon,Cortland,View Map
13804,Masonville,Delaware,View Map
13806,Meridale,Delaware,View Map
13807,Milford,Otsego,View Map
13808,Morris,Otsego,View Map
13809,Mount Upton,Chenango,View Map
13810,Mount Vision,Otsego,View Map
13811,Newark Valley,Tioga,View Map
13812,Nichols,Tioga,View Map
13813,Nineveh,Broome,View Map
13814,North Norwich,Chenango,View Map
13815,Norwich,Chenango,View Map
13820,Oneonta,Otsego,View Map
13825,Otego,Otsego,View Map
13826,Ouaquaga,Broome,View Map
13827,Owego,Tioga,View Map
13830,Oxford,Chenango,View Map
13832,Plymouth,Chenango,View Map
13833,Port Crane,Broome,View Map
13834,Portlandville,Otsego,View Map
13835,Richford,Tioga,View Map
13837,Shinhopple,Delaware,View Map
13838,Sidney,Delaware,View Map
13839,Sidney Center,Delaware,View Map
13840,Smithboro,Tioga,View Map
13841,Smithville Flats,Chenango,View Map
13842,South Kortright,Delaware,View Map
13843,South New Berlin,Chenango,View Map
13844,South Plymouth,Chenango,View Map
13845,Tioga Center,Tioga,View Map
13846,Treadwell,Delaware,View Map
13847,Trout Creek,Delaware,View Map
13848,Tunnel,Broome,View Map
13849,Unadilla,Otsego,View Map
13850,Vestal,Broome,View Map
13851,Vestal,Broome,View Map
13856,Walton,Delaware,View Map
13859,Wells Bridge,Otsego,View Map
13860,West Davenport,Delaware,View Map
13861,West Oneonta,Otsego,View Map
13862,Whitney Point,Broome,View Map
13863,Willet,Cortland,View Map
13864,Willseyville,Tioga,View Map
13865,Windsor,Broome,View Map
13901,Binghamton,Broome,View Map
13902,Binghamton,Broome,View Map
13903,Binghamton,Broome,View Map
13904,Binghamton,Broome,View Map
13905,Binghamton,Broome,View Map
14001,Akron,Erie,View Map
14004,Alden,Erie,View Map
14005,Alexander,Genesee,View Map
14006,Angola,Erie,View Map
14008,Appleton,Niagara,View Map
14009,Arcade,Wyoming,View Map
14010,Athol Springs,Erie,View Map
14011,Attica,Wyoming,View Map
14012,Barker,Niagara,View Map
14013,Basom,Genesee,View Map
14020,Batavia,Genesee,View Map
14021,Batavia,Genesee,View Map
14024,Bliss,Wyoming,View Map
14025,Boston,Erie,View Map
14026,Bowmansville,Erie,View Map
14027,Brant,Erie,View Map
14028,Burt,Niagara,View Map
14029,Centerville,Allegany,View Map
14030,Chaffee,Erie,View Map
14031,Clarence,Erie,View Map
14032,Clarence Center,Erie,View Map
14033,Colden,Erie,View Map
14034,Collins,Erie,View Map
14035,Collins Center,Erie,View Map
14036,Corfu,Genesee,View Map
14037,Cowlesville,Wyoming,View Map
14038,Crittenden,Erie,View Map
14039,Dale,Wyoming,View Map
14040,Darien Center,Genesee,View Map
14041,Dayton,Cattaraugus,View Map
14042,Delevan,Cattaraugus,View Map
14043,Depew,Erie,View Map
14047,Derby,Erie,View Map
14048,Dunkirk,Chautauqua,View Map
14051,East Amherst,Erie,View Map
14052,East Aurora,Erie,View Map
14054,East Bethany,Genesee,View Map
14055,East Concord,Erie,View Map
14056,East Pembroke,Genesee,View Map
14057,Eden,Erie,View Map
14058,Elba,Genesee,View Map
14059,Elma,Erie,View Map
14060,Farmersville Station,Cattaraugus,View Map
14061,Farnham,Erie,View Map
14062,Forestville,Chautauqua,View Map
14063,Fredonia,Chautauqua,View Map
14065,Freedom,Cattaraugus,View Map
14066,Gainesville,Wyoming,View Map
14067,Gasport,Niagara,View Map
14068,Getzville,Erie,View Map
14069,Glenwood,Erie,View Map
14070,Gowanda,Cattaraugus,View Map
14072,Grand Island,Erie,View Map
14075,Hamburg,Erie,View Map
14080,Holland,Erie,View Map
14081,Irving,Chautauqua,View Map
14082,Java Center,Wyoming,View Map
14083,Java Village,Wyoming,View Map
14085,Lake View,Erie,View Map
14086,Lancaster,Erie,View Map
14091,Lawtons,Erie,View Map
14092,Lewiston,Niagara,View Map
14094,Lockport,Niagara,View Map
14095,Lockport,Niagara,View Map
14098,Lyndonville,Orleans,View Map
14101,Machias,Cattaraugus,View Map
14102,Marilla,Erie,View Map
14103,Medina,Orleans,View Map
14105,Middleport,Niagara,View Map
14107,Model City,Niagara,View Map
14108,Newfane,Niagara,View Map
14109,Niagara University,Niagara,View Map
14110,North Boston,Erie,View Map
14111,North Collins,Erie,View Map
14112,North Evans,Erie,View Map
14113,North Java,Wyoming,View Map
14120,North Tonawanda,Niagara,View Map
14125,Oakfield,Genesee,View Map
14126,Olcott,Niagara,View Map
14127,Orchard Park,Erie,View Map
14129,Perrysburg,Cattaraugus,View Map
14130,Pike,Wyoming,View Map
14131,Ransomville,Niagara,View Map
14132,Sanborn,Niagara,View Map
14133,Sandusky,Cattaraugus,View Map
14134,Sardinia,Erie,View Map
14135,Sheridan,Chautauqua,View Map
14136,Silver Creek,Chautauqua,View Map
14138,South Dayton,Cattaraugus,View Map
14139,South Wales,Erie,View Map
14140,Spring Brook,Erie,View Map
14141,Springville,Erie,View Map
14143,Stafford,Genesee,View Map
14144,Stella Niagara,Niagara,View Map
14145,Strykersville,Wyoming,View Map
14150,Tonawanda,Erie,View Map
14151,Tonawanda,Erie,View Map
14166,Van Buren Point,Chautauqua,View Map
14167,Varysburg,Wyoming,View Map
14168,Versailles,Cattaraugus,View Map
14169,Wales Center,Erie,View Map
14170,West Falls,Erie,View Map
14171,West Valley,Cattaraugus,View Map
14172,Wilson,Niagara,View Map
14173,Yorkshire,Cattaraugus,View Map
14174,Youngstown,Niagara,View Map
14201,Buffalo,Erie,View Map
14202,Buffalo,Erie,View Map
14203,Buffalo,Erie,View Map
14204,Buffalo,Erie,View Map
14205,Buffalo,Erie,View Map
14206,Buffalo,Erie,View Map
14207,Buffalo,Erie,View Map
14208,Buffalo,Erie,View Map
14209,Buffalo,Erie,View Map
14210,Buffalo,Erie,View Map
14211,Buffalo,Erie,View Map
14212,Buffalo,Erie,View Map
14213,Buffalo,Erie,View Map
14214,Buffalo,Erie,View Map
14215,Buffalo,Erie,View Map
14216,Buffalo,Erie,View Map
14217,Buffalo,Erie,View Map
14218,Buffalo,Erie,View Map
14219,Buffalo,Erie,View Map
14220,Buffalo,Erie,View Map
14221,Buffalo,Erie,View Map
14222,Buffalo,Erie,View Map
14223,Buffalo,Erie,View Map
14224,Buffalo,Erie,View Map
14225,Buffalo,Erie,View Map
14226,Buffalo,Erie,View Map
14227,Buffalo,Erie,View Map
14228,Buffalo,Erie,View Map
14231,Buffalo,Erie,View Map
14233,Buffalo,Erie,View Map
14240,Buffalo,Erie,View Map
14241,Buffalo,Erie,View Map
14260,Buffalo,Erie,View Map
14261,Buffalo,Erie,View Map
14263,Buffalo,Erie,View Map
14264,Buffalo,Erie,View Map
14265,Buffalo,Erie,View Map
14267,Buffalo,Erie,View Map
14269,Buffalo,Erie,View Map
14270,Buffalo,Erie,View Map
14272,Buffalo,Erie,View Map
14273,Buffalo,Erie,View Map
14276,Buffalo,Erie,View Map
14280,Buffalo,Erie,View Map
14301,Niagara Falls,Niagara,View Map
14302,Niagara Falls,Niagara,View Map
14303,Niagara Falls,Niagara,View Map
14304,Niagara Falls,Niagara,View Map
14305,Niagara Falls,Niagara,View Map
14410,Adams Basin,Monroe,View Map
14411,Albion,Orleans,View Map
14413,Alton,Wayne,View Map
14414,Avon,Livingston,View Map
14415,Bellona,Yates,View Map
14416,Bergen,Genesee,View Map
14418,Branchport,Yates,View Map
14420,Brockport,Monroe,View Map
14422,Byron,Genesee,View Map
14423,Caledonia,Livingston,View Map
14424,Canandaigua,Ontario,View Map
14425,Farmington,Ontario,View Map
14427,Castile,Wyoming,View Map
14428,Churchville,Monroe,View Map
14429,Clarendon,Orleans,View Map
14430,Clarkson,Monroe,View Map
14432,Clifton Springs,Ontario,View Map
14433,Clyde,Wayne,View Map
14435,Conesus,Livingston,View Map
14437,Dansville,Livingston,View Map
14441,Dresden,Yates,View Map
14443,East Bloomfield,Ontario,View Map
14445,East Rochester,Monroe,View Map
14449,East Williamson,Wayne,View Map
14450,Fairport,Monroe,View Map
14452,Fancher,Orleans,View Map
14453,Fishers,Ontario,View Map
14454,Geneseo,Livingston,View Map
14456,Geneva,Ontario,View Map
14461,Gorham,Ontario,View Map
14462,Groveland,Livingston,View Map
14463,Hall,Ontario,View Map
14464,Hamlin,Monroe,View Map
14466,Hemlock,Livingston,View Map
14467,Henrietta,Monroe,View Map
14468,Hilton,Monroe,View Map
14469,Bloomfield,Ontario,View Map
14470,Holley,Orleans,View Map
14471,Honeoye,Ontario,View Map
14472,Honeoye Falls,Monroe,View Map
14475,Ionia,Ontario,View Map
14476,Kendall,Orleans,View Map
14477,Kent,Orleans,View Map
14478,Keuka Park,Yates,View Map
14479,Knowlesville,Orleans,View Map
14480,Lakeville,Livingston,View Map
14481,Leicester,Livingston,View Map
14482,Le Roy,Genesee,View Map
14485,Lima,Livingston,View Map
14486,Linwood,Genesee,View Map
14487,Livonia,Livingston,View Map
14488,Livonia Center,Livingston,View Map
14489,Lyons,Wayne,View Map
14502,Macedon,Wayne,View Map
14504,Manchester,Ontario,View Map
14505,Marion,Wayne,View Map
14506,Mendon,Monroe,View Map
14507,Middlesex,Yates,View Map
14508,Morton,Monroe,View Map
14510,Mount Morris,Livingston,View Map
14511,Mumford,Monroe,View Map
14512,Naples,Ontario,View Map
14513,Newark,Wayne,View Map
14514,North Chili,Monroe,View Map
14515,North Greece,Monroe,View Map
14516,North Rose,Wayne,View Map
14517,Nunda,Livingston,View Map
14518,Oaks Corners,Ontario,View Map
14519,Ontario,Wayne,View Map
14520,Ontario Center,Wayne,View Map
14521,Ovid,Seneca,View Map
14522,Palmyra,Wayne,View Map
14525,Pavilion,Genesee,View Map
14526,Penfield,Monroe,View Map
14527,Penn Yan,Yates,View Map
14529,Perkinsville,Steuben,View Map
14530,Perry,Wyoming,View Map
14532,Phelps,Ontario,View Map
14533,Piffard,Livingston,View Map
14534,Pittsford,Monroe,View Map
14536,Portageville,Wyoming,View Map
14537,Port Gibson,Ontario,View Map
14538,Pultneyville,Wayne,View Map
14539,Retsof,Livingston,View Map
14541,Romulus,Seneca,View Map
14542,Rose,Wayne,View Map
14543,Rush,Monroe,View Map
14544,Rushville,Yates,View Map
14545,Scottsburg,Livingston,View Map
14546,Scottsville,Monroe,View Map
14547,Seneca Castle,Ontario,View Map
14548,Shortsville,Ontario,View Map
14549,Silver Lake,Wyoming,View Map
14550,Silver Springs,Wyoming,View Map
14551,Sodus,Wayne,View Map
14555,Sodus Point,Wayne,View Map
14556,Sonyea,Livingston,View Map
14557,South Byron,Genesee,View Map
14558,South Lima,Livingston,View Map
14559,Spencerport,Monroe,View Map
14560,Springwater,Livingston,View Map
14561,Stanley,Ontario,View Map
14563,Union Hill,Wayne,View Map
14564,Victor,Ontario,View Map
14568,Walworth,Wayne,View Map
14569,Warsaw,Wyoming,View Map
14571,Waterport,Orleans,View Map
14572,Wayland,Steuben,View Map
14580,Webster,Monroe,View Map
14585,West Bloomfield,Ontario,View Map
14586,West Henrietta,Monroe,View Map
14588,Willard,Seneca,View Map
14589,Williamson,Wayne,View Map
14590,Wolcott,Wayne,View Map
14591,Wyoming,Wyoming,View Map
14592,York,Livingston,View Map
14602,Rochester,Monroe,View Map
14603,Rochester,Monroe,View Map
14604,Rochester,Monroe,View Map
14605,Rochester,Monroe,View Map
14606,Rochester,Monroe,View Map
14607,Rochester,Monroe,View Map
14608,Rochester,Monroe,View Map
14609,Rochester,Monroe,View Map
14610,Rochester,Monroe,View Map
14611,Rochester,Monroe,View Map
14612,Rochester,Monroe,View Map
14613,Rochester,Monroe,View Map
14614,Rochester,Monroe,View Map
14615,Rochester,Monroe,View Map
14616,Rochester,Monroe,View Map
14617,Rochester,Monroe,View Map
14618,Rochester,Monroe,View Map
14619,Rochester,Monroe,View Map
14620,Rochester,Monroe,View Map
14621,Rochester,Monroe,View Map
14622,Rochester,Monroe,View Map
14623,Rochester,Monroe,View Map
14624,Rochester,Monroe,View Map
14625,Rochester,Monroe,View Map
14626,Rochester,Monroe,View Map
14627,Rochester,Monroe,View Map
14638,Rochester,Monroe,View Map
14639,Rochester,Monroe,View Map
14642,Rochester,Monroe,View Map
14643,Rochester,Monroe,View Map
14644,Rochester,Monroe,View Map
14645,Rochester,Monroe,View Map
14646,Rochester,Monroe,View Map
14647,Rochester,Monroe,View Map
14649,Rochester,Monroe,View Map
14650,Rochester,Monroe,View Map
14651,Rochester,Monroe,View Map
14652,Rochester,Monroe,View Map
14653,Rochester,Monroe,View Map
14664,Rochester,Monroe,View Map
14673,Rochester,Monroe,View Map
14683,Rochester,Monroe,View Map
14692,Rochester,Monroe,View Map
14694,Rochester,Monroe,View Map
14701,Jamestown,Chautauqua,View Map
14702,Jamestown,Chautauqua,View Map
14706,Allegany,Cattaraugus,View Map
14707,Allentown,Allegany,View Map
14708,Alma,Allegany,View Map
14709,Angelica,Allegany,View Map
14710,Ashville,Chautauqua,View Map
14711,Belfast,Allegany,View Map
14712,Bemus Point,Chautauqua,View Map
14714,Black Creek,Allegany,View Map
14715,Bolivar,Allegany,View Map
14716,Brocton,Chautauqua,View Map
14717,Caneadea,Allegany,View Map
14718,Cassadaga,Chautauqua,View Map
14719,Cattaraugus,Cattaraugus,View Map
14720,Celoron,Chautauqua,View Map
14721,Ceres,Allegany,View Map
14722,Chautauqua,Chautauqua,View Map
14723,Cherry Creek,Chautauqua,View Map
14724,Clymer,Chautauqua,View Map
14726,Conewango Valley,Cattaraugus,View Map
14727,Cuba,Allegany,View Map
14728,Dewittville,Chautauqua,View Map
14729,East Otto,Cattaraugus,View Map
14730,East Randolph,Cattaraugus,View Map
14731,Ellicottville,Cattaraugus,View Map
14732,Ellington,Chautauqua,View Map
14733,Falconer,Chautauqua,View Map
14735,Fillmore,Allegany,View Map
14736,Findley Lake,Chautauqua,View Map
14737,Franklinville,Cattaraugus,View Map
14738,Frewsburg,Chautauqua,View Map
14739,Friendship,Allegany,View Map
14740,Gerry,Chautauqua,View Map
14741,Great Valley,Cattaraugus,View Map
14742,Greenhurst,Chautauqua,View Map
14743,Hinsdale,Cattaraugus,View Map
14744,Houghton,Allegany,View Map
14745,Hume,Allegany,View Map
14747,Kennedy,Chautauqua,View Map
14748,Kill Buck,Cattaraugus,View Map
14750,Lakewood,Chautauqua,View Map
14751,Leon,Cattaraugus,View Map
14752,Lily Dale,Chautauqua,View Map
14753,Limestone,Cattaraugus,View Map
14754,Little Genesee,Allegany,View Map
14755,Little Valley,Cattaraugus,View Map
14756,Maple Springs,Chautauqua,View Map
14757,Mayville,Chautauqua,View Map
14758,Niobe,Chautauqua,View Map
14760,Olean,Cattaraugus,View Map
14766,Otto,Cattaraugus,View Map
14767,Panama,Chautauqua,View Map
14769,Portland,Chautauqua,View Map
14770,Portville,Cattaraugus,View Map
14772,Randolph,Cattaraugus,View Map
14774,Richburg,Allegany,View Map
14775,Ripley,Chautauqua,View Map
14777,Rushford,Allegany,View Map
14778,Saint Bonaventure,Cattaraugus,View Map
14779,Salamanca,Cattaraugus,View Map
14781,Sherman,Chautauqua,View Map
14782,Sinclairville,Chautauqua,View Map
14783,Steamburg,Cattaraugus,View Map
14784,Stockton,Chautauqua,View Map
14785,Stow,Chautauqua,View Map
14786,West Clarksville,Allegany,View Map
14787,Westfield,Chautauqua,View Map
14788,Westons Mills,Cattaraugus,View Map
14801,Addison,Steuben,View Map
14802,Alfred,Allegany,View Map
14803,Alfred Station,Allegany,View Map
14804,Almond,Allegany,View Map
14805,Alpine,Schuyler,View Map
14806,Andover,Allegany,View Map
14807,Arkport,Steuben,View Map
14808,Atlanta,Steuben,View Map
14809,Avoca,Steuben,View Map
14810,Bath,Steuben,View Map
14812,Beaver Dams,Schuyler,View Map
14813,Belmont,Allegany,View Map
14814,Big Flats,Chemung,View Map
14815,Bradford,Schuyler,View Map
14816,Breesport,Chemung,View Map
14817,Brooktondale,Tompkins,View Map
14818,Burdett,Schuyler,View Map
14819,Cameron,Steuben,View Map
14820,Cameron Mills,Steuben,View Map
14821,Campbell,Steuben,View Map
14822,Canaseraga,Allegany,View Map
14823,Canisteo,Steuben,View Map
14824,Cayuta,Schuyler,View Map
14825,Chemung,Chemung,View Map
14826,Cohocton,Steuben,View Map
14827,Coopers Plains,Steuben,View Map
14830,Corning,Steuben,View Map
14831,Corning,Steuben,View Map
14836,Dalton,Livingston,View Map
14837,Dundee,Yates,View Map
14838,Erin,Chemung,View Map
14839,Greenwood,Steuben,View Map
14840,Hammondsport,Steuben,View Map
14841,Hector,Schuyler,View Map
14842,Himrod,Yates,View Map
14843,Hornell,Steuben,View Map
14845,Horseheads,Chemung,View Map
14846,Hunt,Livingston,View Map
14847,Interlaken,Seneca,View Map
14850,Ithaca,Tompkins,View Map
14851,Ithaca,Tompkins,View Map
14852,Ithaca,Tompkins,View Map
14853,Ithaca,Tompkins,View Map
14854,Jacksonville,Tompkins,View Map
14855,Jasper,Steuben,View Map
14856,Kanona,Steuben,View Map
14857,Lakemont,Yates,View Map
14858,Lindley,Steuben,View Map
14859,Lockwood,Tioga,View Map
14860,Lodi,Seneca,View Map
14861,Lowman,Chemung,View Map
14863,Mecklenburg,Schuyler,View Map
14864,Millport,Chemung,View Map
14865,Montour Falls,Schuyler,View Map
14867,Newfield,Tompkins,View Map
14869,Odessa,Schuyler,View Map
14870,Painted Post,Steuben,View Map
14871,Pine City,Chemung,View Map
14872,Pine Valley,Chemung,View Map
14873,Prattsburgh,Steuben,View Map
14874,Pulteney,Steuben,View Map
14876,Reading Center,Schuyler,View Map
14877,Rexville,Steuben,View Map
14878,Rock Stream,Schuyler,View Map
14879,Savona,Steuben,View Map
14880,Scio,Allegany,View Map
14881,Slaterville Springs,Tompkins,View Map
14882,Lansing,Tompkins,View Map
14883,Spencer,Tioga,View Map
14884,Swain,Allegany,View Map
14885,Troupsburg,Steuben,View Map
14886,Trumansburg,Tompkins,View Map
14887,Tyrone,Schuyler,View Map
14889,Van Etten,Chemung,View Map
14891,Watkins Glen,Schuyler,View Map
14892,Waverly,Tioga,View Map
14893,Wayne,Schuyler,View Map
14894,Wellsburg,Chemung,View Map
14895,Wellsville,Allegany,View Map
14897,Whitesville,Allegany,View Map
14898,Woodhull,Steuben,View Map
14901,Elmira,Chemung,View Map
14902,Elmira,Chemung,View Map
14903,Elmira,Chemung,View Map
14904,Elmira,Chemung,View Map
14905,Elmira,Chemung,View Map
14925,Elmira,Chemung,View Map